Year,Age 2,Age 3,Age 4,Age 5,Age 6,Age 7,Age 8,Age 9,Age 10,Total Amount,Total Weight,Total Spawn Amount,Total Spawn Weight,Caught Age 2,Caught Age 3,Caught Age 4,Caught Age 5,Caught Age 6,Caught Age 7,Caught Age 8,Caught Age 9,Total Caught
2001,21.9011652757507,18.1902495729312,14.8955714062782,9.98874033850847,6.51570413348975,4.16666162410338,2.66401314247999,1.71816461521761,1.11284585769844,81.1531159664578,201.692252640565,47.1777116229858,145.890423072577,0,0,0,0,0,0,0,0,0
2002,20.0301733731021,17.9311575395007,14.8929167315224,12.195462394989,8.17808889964746,5.33460735204538,3.41137400932329,2.18110948635228,1.40671420932906,85.5616039958117,230.766515926725,53.5872685066548,177.033607644127,0,0,0,0,0,0,0,0,0
2003,8.42548907842364,15.8083050480956,14.2021229308021,11.9981258631424,9.89807889719368,6.68182784668428,4.36159293113999,2.7917245848955,1.78574141230673,75.953008592684,241.897856244437,56.7829424040521,202.301251194051,0.397755103573248,0.578239674649109,0.411573305536125,0.17150772027862,0.0625338760677599,0.00995282081204915,0.00423999171616158,0.000898620681002583,1.63670111331407
2004,1.40184784019075,6.64960302889736,12.5207472594056,11.4416041880445,9.73791665830068,8.08712891428678,5.46308494326549,3.56934366677237,2.28567077177781,61.1569472709414,240.04063947669,53.9261484644208,216.623373092035,0.167311646215903,0.50978243583148,0.392482868576619,0.168732529178148,0.0756858046740848,0.0124663411693291,0.00542101741021676,0.00115019510178099,1.33303283815756
2005,0.272233144912023,1.14773593790012,5.44423449551876,10.2511208327922,9.36759321329786,7.97273183906114,6.62118114623274,4.47279564972874,2.92233142829067,48.4719576877343,230.828027364203,46.5370096747684,222.29083335196,0,0,0,0,0,0,0,0,0
2006,0.10550423364028,0.222885647746608,0.939686708771625,4.4573622084492,8.39290787932538,7.66953664605155,6.52752074268333,5.42096462612086,3.66201535066633,37.3983840434552,208.992283571665,36.9934996441873,207.441641178285,0,0,0,0,0,0,0,0,0
2007,0.0723628143687362,0.0863795606612221,0.182483334229854,0.769350406729963,3.64937951766495,6.8715317885542,6.27928551398096,5.34428197338927,4.43831045075303,27.6933653603322,177.027875639336,27.5413160987869,176.642550819919,0,0,0,0,0,0,0,0,0
2008,0.193910828067246,0.0592456615029576,0.0707216027507076,0.149404717658189,0.629890837882874,2.98785924076519,5.62593439604227,5.1410441576533,4.37552800473408,19.2335394470568,137.045238277805,18.9958614676879,136.71071182387,0,0,0,0,0,0,0,0,0
2009,1.43696003587783,0.158760758293471,0.0485062450589197,0.0579019510789687,0.122322237001693,0.515711000056767,2.44625224628269,4.60612550483901,4.20913095480264,13.601670933292,98.6604415049375,12.0756292692556,97.0384424070594,0,0,0,0,0,0,0,0,0
2010,12.5122104012329,1.17648337231722,0.129982315196845,0.0397135545460744,0.0474061080115685,0.100148977218579,0.422228455447076,2.00282194381773,3.77117660334854,20.2021717311366,71.6339791658626,7.07572318070565,58.062630286724,0,0,0,0,0,0,0,0,0
2011,21.9997182236635,10.2441314444716,0.963223117401002,0.106420518807933,0.032514708420911,0.0388128385128076,0.081995047538157,0.345691421299137,1.639771918343,35.4522792384581,59.6441773063004,8.13785066907854,28.6513770596178,0,0,0,0,0,0,0,0,0
2012,14.4232924894998,18.0118458687634,8.38718545216206,0.788620388291844,0.0871297515065681,0.0266207917115635,0.0317772645046851,0.0671318670195802,0.283028197692841,42.1066320711524,65.0152270206878,16.9999795568385,25.676477914675,0,0,0,0,0,0,0,0,0
2013,7.15719855251944,11.5384686882575,14.4416348024116,6.79729533534111,0.642123922320933,0.0712428403363779,0.021776320619233,0.0260095459781729,0.0549629240404718,40.7507129318249,80.9517782863339,24.9359530746943,45.5001048863416,0.177656508085417,0.370493353967887,0.150517398350393,0.00709564890668806,0.000425480362685724,3.13831780982091E-05,2.49633101715443E-05,1.74651828647091E-05,0.706262201344204
2014,6.4150251480812,5.72567681436181,9.25137557743914,11.7040522636622,5.53460956209488,0.525041461533726,0.0582780162888954,0.0178238190482969,0.0212948151659259,39.2531774776761,99.9393268051471,28.1250388069262,76.6481732609774,0.0881576036428769,0.237339692728531,0.259171245322248,0.0611589833723652,0.00313568114948307,8.3987988438662E-05,1.71068546801051E-05,6.76670405434062E-06,0.649071067762677
2015,11.3453234927479,5.13194659675703,4.5907639978781,7.49766800992881,9.5298727476099,4.52544967176673,0.429494033409331,0.0477002903745617,0.0145929087921378,43.1128117492645,118.317844379038,28.2833621585625,96.8801219016077,0.0790160060830719,0.117773892922764,0.166026254101672,0.105307758817087,0.0270271364612636,0.000618969934282589,4.57815428570801E-05,4.63708627283069E-06,0.49582043694927
2016,18.7119801157714,9.07612876702914,4.11471978584792,3.72053043138384,6.10487892815421,7.79223159534422,3.70190503972833,0.351538906304031,0.0390536946604033,53.6129672642235,142.372421472599,29.5399788077679,111.257325872802,0.139744136526967,0.105561202381482,0.0823863806687541,0.0674606193387857,0.0465371889956118,0.00533504016568544,0.000337398229203902,1.24098186312688E-05,0.447374376125121
2017,21.9867838350789,14.9693696372245,7.27710741187325,3.33472602532831,3.02939364640224,4.99173826656239,6.37419560612936,3.02999238098195,0.28781571349451,65.2811225230753,173.106129941309,34.3542323870096,129.995452798164,0.230481705141306,0.186690770753964,0.0738432362845941,0.033475646939499,0.0298119305471413,0.00918624038641777,0.00290811072547534,9.14571805498722E-05,0.566489097958947
2018,21.6839047313944,17.3525101064882,11.8562801824783,5.86262934395231,2.70652970999993,2.47513655983509,4.08126201250628,5.21637279698165,2.4807479439019,73.715373387538,206.172268489001,40.9839575664039,155.34944012957,0.43660907565125,0.482728647588021,0.201106553285613,0.0468970539889362,0.0231643027080255,0.00931312713928147,0.00792247830150507,0.00124836182404777,1.20898960048668
2019,15.673810716684,17.1134704749008,13.743813311965,9.55173150179253,4.75822612640633,2.21134372664198,2.02367998440292,3.33993266835437,4.27080482840829,72.6868133395562,213.92191598541,45.7075047230288,166.721416308278,0.430594564093504,0.559579590788675,0.327654314734507,0.0824475662384842,0.0206955189085975,0.00461788263684394,0.00507259452561294,0.0021491541366988,1.43281118606292
2020,5.15896306628449,12.3701565862721,13.5544853098179,11.0723778913945,7.75237452647958,3.88766229156705,1.80800207586869,1.65609433295157,2.73450558879153,59.9946216694274,191.466123755703,45.9396832480433,158.595443228362,0.31124734114254,0.551871097988205,0.379817249867789,0.134328296995039,0.0363838454854529,0.00412572217834889,0.00251522886279258,0.00137605773012287,1.42166484025029
2021,2.65983555577271,4.07158042841511,9.79760978199513,10.919850267684,8.98656126344147,6.33400206632507,3.17856577823989,1.47959263069662,1.35589536038561,48.7834931329556,178.665246403539,42.1283454065763,159.626976222942,0.102445637915252,0.398909847512481,0.37458507452706,0.155713512838737,0.0592786449032892,0.00725324351208184,0.00224716310892188,0.000682313577834345,1.10111543789566
2022,4.29773751860276,2.0100331332254,3.10086042250946,7.74401828436098,8.77180290686979,7.32445613543964,5.17026889765431,2.59980291820304,1.21138798877888,42.2303682056443,176.26198098274,36.3074420359269,166.239548439605,0.120226230366129,0.277628516772595,0.545547157835636,0.321614274086656,0.144477377299413,0.0256710622906922,0.00857442532809795,0.00132696977482108,1.44506601375404
2023,4.05046070413942,3.24779281619456,1.53081396777848,2.45091612581805,6.22068988424122,7.14941830769706,5.97874887831673,4.22885071626844,2.12853860107471,36.9862300015287,172.180520390597,31.0057100957363,163.612308078133,0.194260423296953,0.137057962442943,0.172661049785202,0.228078843389377,0.14102469688017,0.0296852712912683,0.0139471974727145,0.00233162819371627,0.919047072752345
2024,2.7386212517831,3.06092615480603,2.47347495187966,1.20995340906685,1.96879560341303,5.07014517050642,5.83587039055907,4.8901202194589,3.46229013158482,30.7101972830579,158.496791000544,25.9464179634958,150.0985491981,0.183083356656367,0.221456979224102,0.0852382599306358,0.0721850200624988,0.100010330216564,0.0289758608849951,0.0161281343187944,0.00379263654488239,0.710870577838839
2025,3.20632062154646,2.06957134755651,2.33115983744836,1.95503144945261,0.97194307345394,1.60465795693277,4.13861782916511,4.77325747841898,4.00369180991945,25.0542514038942,132.781354370879,20.3469131410798,124.852477859735,0.123787393091977,0.208715117692034,0.137727186528223,0.035635862928205,0.0316524215304575,0.0205487796075883,0.0157427086237666,0.00438569481344889,0.5781951648157
2026,6.83287138799073,2.42301095308878,1.57615746416573,1.8425457643907,1.57045656588179,0.792177808503751,1.30983745177661,3.38504579117084,3.90801268994108,23.64011587691,104.330846166806,15.2805075195417,93.5371424127332,0.144927697066494,0.141117689722473,0.129802844987521,0.0575800954242975,0.0156259755005754,0.00650351451362504,0.0111642394757554,0.00428088669130401,0.511002943382045
2027,17.8943443834316,5.1635891005071,1.84533227326289,1.24579285081977,1.4800979771631,1.27999352502152,0.646632609498852,1.07133829125479,2.77144108980875,33.3985621007683,86.1759399774661,12.5533567124306,61.8992518770167,0.308850059460182,0.165217646773011,0.0877630609924063,0.054267137731701,0.0252483056810934,0.0032106156036041,0.00353338713299298,0.00303587173798922,0.65112608511298
2028,21.6509640495478,13.5227251286195,3.93251941386709,1.45854827685934,1.00073252675618,1.20634716573806,1.0448229480066,0.528891790344283,0.877137606000311,45.2226889057392,84.211123545731,16.0238584091082,47.0698892468593,0.808835555801232,0.352089221470923,0.102751160675021,0.0366914155008579,0.0237956063079015,0.00518768279019122,0.00174434113109066,0.000960827664053874,1.33205581134127
2029,15.3456711204952,16.3615961187572,10.2987240195898,3.10825833261445,1.1716367625138,0.815642522279571,0.984707482801259,0.854578428997378,0.433019973805337,49.373834761854,97.2042492302542,23.7876207780622,55.5811163540489,0.978637113794625,0.922072936096592,0.218969201377173,0.0429575437193196,0.0160888249248498,0.00488920163138331,0.00281849015367133,0.000474335574115043,2.18690764727173
2030,11.7331216897259,11.5966971479989,12.4607696558478,8.14009833907168,2.49683180711895,0.954937247088262,0.665786199686717,0.80540896931845,0.699669640737222,49.5533206965938,114.736749734128,29.5296965016989,77.3594584514499,0.693633930583177,1.1156467967037,0.573450029470015,0.0915452339374995,0.0188364605362678,0.00330571568766861,0.00265632406889315,0.000766427002924237,2.49984091799015
2031,13.8211050863475,8.86669978575547,8.83188723648908,9.84897645438227,6.53885690028047,2.03503147785916,0.779488591278063,0.544557836963601,0.659413091985856,51.9260164613415,131.21445698195,31.9051840348184,98.731960414661,0.530344437317296,0.790743026022738,0.693836315331185,0.239744296317149,0.0401416849532669,0.0038702629549232,0.00179600941178352,0.000722329468586355,2.30119836177693
2032,18.8626099136264,10.4445852304873,6.75275827834368,6.98071241523342,7.9115810358603,5.32946575870556,1.66113933111286,0.63755695357447,0.445846247951726,59.0262551648957,150.286904801121,33.5908009803569,114.407104706082,0.624722592499885,0.604592922445447,0.491774125261222,0.290074619635287,0.105125516623575,0.0082477743588663,0.00210273034642657,0.000488385637574054,2.12712866680828
2033,22.1195951622338,14.2544417165972,7.95445442873196,5.33737153662336,5.6075341652971,6.44829836022763,4.35029397919601,1.35867406304251,0.521987484730129,67.9526508966797,174.953626661919,37.1149439904009,131.325142189162,0.852601763240687,0.712184066316941,0.376004777519449,0.205597760133864,0.127194868520279,0.0215997794183259,0.00448105093552003,0.000571791714535644,2.3002358577996
2034,21.1271054685762,16.715739840806,10.8559894471174,6.28719064229486,4.28745541489249,4.57039537345443,5.26356576862051,3.55817930828466,1.11238823882232,73.7780095028689,201.090371365118,42.1218362244662,152.662315367857,0.999819533131881,0.971966434355993,0.442917211675696,0.15719765657977,0.0901525962566821,0.0261342934752804,0.0117352521490197,0.00121852419246094,2.70114150181678
2035,15.0599024397717,15.9657170943596,12.7304807105324,8.58056022273907,5.05043528988091,3.49447115514428,3.73068603418764,4.30515981109908,2.91319082465839,71.8306035823731,218.13280015771,46.2417464533151,173.785156130845,0.954958378356083,1.13979476528872,0.604479492462754,0.185171976254116,0.0689296267474189,0.0185233448136704,0.0141988729481511,0.00319114619627734,2.98924760306719
2036,5.97145394352093,11.3807422497927,12.1592735610416,10.0621557282507,6.8926753810112,4.11633445332379,2.85243915900317,3.05139144987308,3.52476673426221,60.0112326600794,207.50446717546,45.9175528794538,176.460844501578,0.680717007517945,1.08865302652103,0.708854274057249,0.252716894430308,0.0811960908641223,0.0141627340435623,0.0100638121261197,0.0038610742082523,2.84022491376859
2037,1.72005702623433,4.5126174262753,8.66741891548491,9.61067432531271,8.08282574420011,5.61784391204468,3.36004879277073,2.33305841909602,2.4982680196903,46.4028125811091,183.689143978531,40.6929630586401,166.796934157531,0.269913452309617,0.776017727300807,0.677048512869171,0.296353231130394,0.110813873341733,0.016683082363108,0.00769467372336673,0.00273663449055071,2.15726118752875
2038,1.45355857401059,1.29984412241747,3.43674821732809,6.8507168639312,7.72015539748211,6.58787058567539,4.58568900770399,2.74824095714865,1.91014667644141,36.5929704021389,166.675833202185,33.802140123454,159.573413960795,0.0777476531698038,0.307701469944105,0.48261625644686,0.283056083265716,0.129947977925763,0.022768546567456,0.00906398969925735,0.00209239890818776,1.31499437592715
2039,2.64767643455506,1.09845170258895,0.989943650997663,2.7164014107443,5.5031100819223,6.29227775897681,5.37749467622941,3.7507128988226,2.25006938848607,30.6261380033232,154.02784048343,27.2312469872741,149.210001906576,0.0657017564827955,0.0886323633014444,0.191363839127938,0.201769097300429,0.124117309332733,0.0266999654242318,0.0123702483187906,0.00246475456041208,0.713119333848775
2040,4.0629974651685,2.00084450633254,0.83656591598316,0.782450200037654,2.18205719006125,4.48528499633235,5.13621051145551,4.39834419900667,3.07082399623233,26.95557898061,139.342882121782,21.7248460790786,132.641521631127,0.119676630483765,0.0749000350841182,0.0551217038886022,0.0800041618180344,0.0884737652499586,0.0255019579421686,0.0145062049271498,0.00336381957270619,0.461548278966503
2041,7.15099429406883,3.07040016345183,1.52381603418236,0.661220633766408,0.628534162183786,1.77847584911514,3.66121281155619,4.20099378392647,3.60105965834891,26.2767073905999,120.110838444343,17.2857498079687,108.584654221197,0.183650026094354,0.136431418303562,0.0465813772911705,0.023044927075492,0.0350810383077103,0.018178401163541,0.0138553223599651,0.00394464644541622,0.460767157041211
2042,14.4426793830423,5.40399403090483,2.33837511391625,1.20442225127154,0.531151704022827,0.512283927698662,1.45172014022476,2.99456812151199,3.43948280439004,32.3186774769832,103.188618848612,14.7063260557052,81.512753787465,0.323229413743149,0.209361121133318,0.0848486033849039,0.019474442316232,0.0101049739308873,0.00720798064589443,0.00987640277192805,0.00376765310925955,0.667870591035573
2043,22.0033911458567,10.9143078524014,4.11560854771888,1.84824870971485,0.967499951539457,0.432912795376566,0.418163055586955,1.187386551132,2.45174501326883,44.3392636225957,95.6350251622053,16.0555968409945,59.8486755021498,0.65281813939259,0.36848169250879,0.130204603544724,0.0354729578282641,0.00853935147112592,0.00207623434295828,0.00391612658289736,0.00268567259896276,1.20419477827031
2044,19.7079640703838,16.6279246664337,8.31218880570402,3.25297175065869,1.48467909422476,0.788556462071782,0.353374618115758,0.342022663064618,0.972149885202968,51.8418320158601,97.1190563612469,22.1574678511187,53.6355720152804,0.99456703892708,0.744213003755198,0.2291639079256,0.0544351023626822,0.0155545432160332,0.00175455126477364,0.00112802696097895,0.00106490532035116,2.0418810797327
2045,14.8541449526222,14.8932743920626,12.6636018649602,6.5699434379111,2.61307860079707,1.21008098449095,0.643676605596613,0.289031100028064,0.280024472500632,54.0168564109694,110.993334787779,29.1833538893239,67.7467355047639,0.890812299741976,1.13380691928156,0.462836454936012,0.0958073712153915,0.0238692571470565,0.00319593865704522,0.000953255174589003,0.000306742360548848,2.61158823851418
2046,13.3465315284466,11.2252516723086,11.3425157468637,10.0092947739494,5.27756768947545,2.12977790157128,0.987755294716287,0.526474024563291,0.236638650188934,55.0818072820835,132.165842971911,33.8541467681099,94.9745512734988,0.671416640434759,1.01552646498134,0.705130349045631,0.193499685231702,0.0420105902417008,0.00490433441675091,0.00173636708351775,0.00025921698024405,2.63448364841565
2047,16.7232709098572,9.87039419846488,8.38381942227551,8.88037158371331,7.99918657514195,4.29622791253597,1.73706879183407,0.807685204273148,0.431040474606699,59.1290650727028,154.049986589606,35.793833179158,118.521925616606,0.77778338430638,0.957922460482731,0.774948209736621,0.367290634659195,0.105824730634573,0.0109338870743528,0.00337367562786941,0.000598695151664992,2.99867567767339
2048,21.809465716189,12.3676534098911,7.37191512514095,6.56392580112976,7.09697843444394,6.51177410954697,3.50404773378803,1.4203971059168,0.661276715544498,67.307434151591,178.02553107628,37.8397587054283,136.914520732481,0.974566479479564,0.842303813985083,0.572802894617449,0.325864847489606,0.160398087607329,0.0220560419970056,0.00593295391914494,0.000918482571425991,2.90484360166661
2049,20.0989045093236,16.1291361293285,9.23704660641183,5.77167773498131,5.24573092654632,5.77732748090141,5.3110700307398,2.86525167193394,1.16292279219705,71.5990678823639,199.254796581148,41.5881859870936,154.496656590108,1.27096991592884,1.05541090130089,0.503667136643646,0.240862970648784,0.142307190610198,0.0334302476868373,0.0119680658778622,0.00161524561721116,3.26023167431427
2050,12.4158184780923,14.8640948430306,12.0463904679458,7.23194113472549,4.61258541149858,4.27031105128686,4.71204779609895,4.3428495960826,2.34586965912042,66.8419084378815,210.392212688956,44.5847644446848,170.445232042185,1.17128513402853,1.37640225961097,0.631097447043166,0.211791462456168,0.105186346238676,0.0296597341070762,0.0181399458109319,0.00325830374197434,3.54682063303748
2051,5.40686443042224,9.18208767679874,11.1015673124695,9.43145471298467,5.77959264299765,3.75489607330949,3.48290967482662,3.8530305097784,3.55562452030511,55.5480275538925,203.564020334782,43.3298058225769,176.172458601802,0.723545086919544,1.26844820236945,0.823038639333973,0.265375764145187,0.0924906391393561,0.0219229896097072,0.0160939869339003,0.00493859692269082,3.21585390537381
2052,2.11739566334735,3.99863314241444,6.85783867026208,8.69172634153891,7.53739075809012,4.70490360274318,3.06253191035277,2.84796713034605,3.15459457090331,42.9729817899982,178.631020172874,37.4847018213912,164.187989061159,0.315090801397827,0.783566219849241,0.758486027797467,0.346086818854346,0.115891234487146,0.0192769441410802,0.0118958688927182,0.0043815849933624,2.35467550041319
2053,1.48027713798837,1.56591469677447,2.98646472975107,5.36919295615041,6.9462177142588,6.13584713033136,3.83736783581202,2.50422521128251,2.33171827336956,33.1572256857186,153.433551936699,30.2966982533928,146.717246743668,0.123393494515323,0.341228919419112,0.468544185327816,0.318942518565494,0.15113825034458,0.0241541076420018,0.0104600697367025,0.00323864812599973,1.44110019367703
2054,3.09813451259851,1.09473527588641,1.16953690052497,2.3381864406207,4.2909292996312,5.65460003290202,5.00446011469075,3.13780674314611,2.0502861931102,27.8386755131109,136.331757697101,23.9592659824642,130.822001542874,0.0862647317501196,0.133629508097414,0.204042519967591,0.19702230107207,0.139284166834362,0.0315003078861128,0.0131065198152823,0.00284775206889973,0.807697807491852
2055,8.09573181143373,2.29121767359848,0.817626467196976,0.915663023028896,1.86862211658215,3.49305045666336,4.61195002549859,4.0921353817413,2.56901887782919,28.7550158335727,127.411344571686,19.3501498919003,116.485227509665,0.180547098780632,0.0934207570277736,0.0799056000899403,0.0857996493381561,0.0860408551861895,0.0290296740166044,0.0170927204439093,0.00356824761780333,0.575404602501009
2056,15.2935196195604,5.98717832671269,1.71124494963108,0.640142540458506,0.731775767082993,1.52116030861182,2.84896792857844,3.77118079585927,3.35035708279011,35.8555273192854,121.237005278133,17.2261695464423,99.1258087820401,0.471787420822631,0.195524246178758,0.0558622250238247,0.0336002146462451,0.0374692365461193,0.01793267702233,0.0157521032599935,0.00465349000843395,0.832581613508336
2057,20.6502443413818,11.310284399005,4.47165225381514,1.33978134680383,0.511586453537172,0.595705381956333,1.24067401465516,2.3295944407187,3.08758169298708,45.5371043248603,113.229699428815,18.3373873332129,78.0152947229906,0.891246195485683,0.510924187848876,0.116916408998958,0.02349000256934,0.0146734211653783,0.00780935656439978,0.00973064251504456,0.00428850722579505,1.57907872237348
2058,22.1424335888573,15.2718368446233,8.44732793383658,3.50098113092836,1.07072088543857,0.416459272657882,0.485863444897476,1.0144962525875,1.9073106108159,54.2574299646429,110.667715385002,22.7896123667066,65.5830381726598,1.20341505179534,0.965178846455756,0.305514136898329,0.0491632180174033,0.0102582291364696,0.00305824159931858,0.00423751885488525,0.00264916564147855,2.54347440839898
2059,19.0001090318697,16.375381691455,11.4060981516902,6.61364838419488,2.79789954185726,0.8716251927436,0.339668472036548,0.397289407447408,0.830599280875758,58.6323191541703,118.595190248818,29.1632996462351,71.8012514620582,1.29037397445276,1.30324343305202,0.577141950293955,0.12846834972382,0.0214698808150409,0.00213802512221999,0.00165946532637327,0.00115366373167272,3.32564874251786
2060,16.2183409216416,14.0514833804311,12.2303042354649,8.9301520198746,5.28546801371565,2.27764281113247,0.710906484368267,0.27774611858779,0.325273055749321,60.3073170409657,135.281931055709,34.6171735820156,91.891763838512,1.10725165362254,1.39741596706636,0.779292313980395,0.242687538663148,0.0561029214177771,0.00447476303589607,0.0011601367786082,0.000451789130990691,3.58883708369572
2061,17.6496966856407,11.729103414685,10.2849174168155,9.48181557023679,7.09894878206812,4.29724668572381,1.85611070754722,0.581145307385657,0.227399288835868,63.2063838589386,156.941389286747,37.6351519825923,116.507377353223,1.16778017937526,1.44202411054053,0.986916297469789,0.3923755808852,0.126976375091188,0.0142284574732449,0.00295321314208183,0.000384725661178884,4.13363893963847
2062,21.4458462726511,12.7642598379137,8.58506228326922,7.9736111403163,7.53748905330194,5.77166185599898,3.5019387356782,1.51731634384779,0.475801535163594,69.5729870581409,182.586443596857,40.027998409879,139.891717740525,1.27084305731749,1.20369141542407,0.829934596994942,0.416614732194697,0.170542850882061,0.0268449431232207,0.00771056482845038,0.000804985192094712,3.92698714595704
2063,20.644692550555,15.5096350460674,9.34274017663818,6.65576061410712,6.33855470402486,6.1282084706461,4.70347822709525,2.86273273312443,1.24227355285603,73.4280760751143,205.430515547764,43.160017966198,160.447470072431,1.54417978559769,1.30992365297955,0.692765913180044,0.350346813354499,0.181078200604787,0.0360556294721204,0.0145475835772696,0.00210174146293193,4.13099932022889
2064,11.0265798232296,14.9302407107944,11.3522046957619,7.24316726469049,5.29094057974572,5.15343828086125,4.99403739025797,3.84495620756083,2.34380732645195,66.179372279354,212.570336697205,45.4172311615749,174.907077954643,1.48649377185456,1.59166595273924,0.753906228809321,0.292442718934788,0.152275389340304,0.0382829797480021,0.0195389604950598,0.00396537222240824,4.33857137414368
2065,3.86249534436603,7.9744220251505,10.9281197270281,8.80104935809053,5.75789452604551,4.30169604880274,4.19967166363294,4.0824798452021,3.14798389136814,53.0558124296866,202.361806594756,43.0204821273397,177.656251902769,0.793954290767448,1.53220599549816,0.916058636871235,0.318252360833999,0.127107846248546,0.032193580600888,0.0207459872391849,0.00532591896037651,3.74584461701984
2066,1.60312382062953,2.79335645684668,5.83684083416615,8.47226804715771,6.99631971353781,4.68134384780849,3.50556463804191,3.43310904253407,3.342451798088,40.6643781988104,180.434554581882,36.4972079829243,168.798309884151,0.278113866755694,0.81836974193821,0.881837381283686,0.386703031101208,0.138325796916644,0.0268727383389772,0.0174460717720007,0.00565492963747178,2.55332355774389
2067,1.34762452578671,1.15937907394817,2.04458416927046,4.52514076811817,6.73495779252921,5.68822129341184,3.81494956064131,2.86569680250633,2.81079195179275,30.9913459380049,152.317983102665,28.6551150413901,147.32018980121,0.115430809591466,0.286666343406613,0.471000004094074,0.372256943557083,0.168077323313424,0.0292444019451238,0.0145626461245214,0.00475544051885875,1.46199391255116
2068,2.3433406375595,0.974601995573184,0.848602080471246,1.58510938383958,3.59722236228744,5.4757260808944,4.63548032992508,3.11860994916906,2.34623410120917,24.9249269209287,129.041953073917,21.9245648694883,124.813562110236,0.0970339209205878,0.118980504237562,0.164986364963067,0.198826933015929,0.161798449005525,0.0355343754411933,0.0158478779228985,0.00396947796314201,0.796977903469904
2069,7.86030867577113,1.69470384218481,0.713355363796917,0.657897650347513,1.26006929163236,2.92465148479525,4.46231242259196,3.78936991073917,2.55330187223967,25.9159705140988,116.417104077226,17.0656388444759,106.315604225052,0.16872914210448,0.100017879802974,0.0684773826684785,0.069646990764147,0.086418507268407,0.0342069157184508,0.0192564869377461,0.00431980573033238,0.551073110995016
2070,17.9099131021527,5.68457487574711,1.24043053611724,0.553044623039537,0.522990170073896,1.02447476234804,2.38337500078568,3.6478101993717,3.10247368071053,36.0690869503465,112.575095567475,15.0688003030967,88.7147657793925,0.565971126127235,0.173917851552922,0.0575637384699864,0.028906895665785,0.0302714973584184,0.0182703271435178,0.0185371212392078,0.00524892247557977,0.898687480032652
2071,22.1701823667482,12.9524483384647,4.16079794309726,0.961671381571039,0.439638143272165,0.425206957867154,0.834871283026434,1.94833951849197,2.98657439161713,46.8797303241561,107.632575720829,17.401164199556,70.0893718976195,1.28957959609288,0.583375705401771,0.100095720302968,0.024299833276928,0.0125641467949445,0.00639990411017698,0.00990090051166757,0.00505283817445954,2.0312686446658
2072,20.9868213839928,16.0334748762757,9.48048386778871,3.22575121288217,0.764472527204454,0.357439218096027,0.34651227293554,0.682482913111986,1.59516548122652,53.472603753514,103.623808633144,22.5729481578255,57.7184230317514,1.5963346476751,1.32923637233976,0.335752833409821,0.0422541929997187,0.0105617246457,0.00265627212825898,0.00346818167957963,0.00269878194253089,3.32296300682047
2073,17.2620679869637,15.1776682675294,11.7356268048351,7.34995612703667,2.56428363066839,0.62153947868598,0.291286569062806,0.283263672221212,0.558769749415031,55.8444622864183,112.191028644957,28.6464348047229,67.5852570027701,1.51112830583136,1.64542466594912,0.765021364708876,0.141733982033998,0.0183654408860913,0.00223292637857491,0.00143946443143677,0.000945355028993166,4.08629150524845
2074,14.3399973516944,12.4839267807133,11.1092231677658,9.09830588203218,5.84278542853,2.08484079452389,0.506508780004342,0.238118270739569,0.231916679677308,55.9356231356808,128.186915774864,33.1318177600766,89.3754298294729,1.24293236574558,1.55759808349087,0.946998629938398,0.32294448049802,0.0616035210662536,0.00388276335393833,0.00121004849833749,0.000392368412337754,4.13756226100374
2075,16.6858134981385,10.3706854305852,9.13755170902592,8.61267252043571,7.23262127188766,4.7503627404407,1.69899130071365,0.414056148201729,0.194954751124234,59.0977093705532,148.799542174485,35.399042815317,111.908644279133,1.03253253588083,1.28115465994729,0.896451403449513,0.39976397351226,0.140365188517867,0.0130240213427582,0.00210411413959446,0.000329834345174105,3.76572573113528
2076,21.0885276298731,12.0671795606824,7.5907746051839,7.08409033826397,6.84657114047172,5.88034166682346,3.87119486170939,1.38887581335848,0.33900050203377,66.1565561184001,173.681335958654,37.5162837871491,133.218970195219,1.20143992372716,1.06428467577751,0.737348681356643,0.378426075576193,0.1737541555693,0.0296755636592731,0.00705786703016072,0.000573538259299711,3.59256048095555
2077,21.5850236885852,15.2512222199104,8.83251553414956,5.88491696166337,5.63143766947718,5.56647113663665,4.79204424788638,3.164588841607,1.13711534060278,71.8453356405185,198.522333439866,40.8681977351482,153.486671959904,1.51845152949717,1.23838625443345,0.612532527731599,0.311262793212628,0.16447981199869,0.0367345533397954,0.016081529417078,0.00192382946089959,3.89985282909131
2078,14.1698485068679,15.6102881469219,11.1630606385464,6.84760425445575,4.67816494104418,4.57853056687194,4.53626294231212,3.91735634528404,2.59094620547108,68.0920625477754,209.949219964331,43.8844578397372,168.889892878849,1.55420107128466,1.56514650879853,0.71273398931731,0.258573169432591,0.135287838270257,0.0347738009913412,0.019906877151179,0.00438349432437431,4.28500674957024
2079,5.71240202391503,10.2476337937685,11.4258772612845,8.65441121792695,5.44344505827749,3.80349076675974,3.73116432851815,3.70826259143603,3.20726011064921,55.9339471525357,199.142968375879,42.8125527794795,170.205647931291,1.02028119343514,1.60199541008572,0.900795782485799,0.300871999830947,0.112386722377472,0.0286021263484673,0.01884432289161,0.00542620547741816,3.98920376293258
2080,2.33021394261103,4.13120888310771,7.5007075362205,8.85816565425318,6.87975096485334,4.4256868407682,3.09956412117561,3.05011796668297,3.03606862409733,43.3114845337699,177.538474894345,37.4155246423609,161.908892040143,0.411313949582204,1.05165658361621,0.9220035957366,0.380260002438476,0.130771564545372,0.0237604449478241,0.0154998213865477,0.00513657502963163,2.94040253728286
2081,2.14896092667759,1.68521061699689,3.02381898366333,5.8150904618134,7.04172382985943,5.59344734574184,3.60660797788409,2.53380322668296,2.49722537983903,33.9458887491585,154.093690963152,30.3495587172498,146.568428255945,0.167783971802808,0.42396255639579,0.605264625272758,0.389212623304673,0.165276913374614,0.027647310059324,0.012876058523387,0.00422493267366684,1.79624899140702
2082,3.54623619711204,1.5541284441422,1.23348201442501,2.34428296867193,4.62265695585391,5.72513622466768,4.55824656078138,2.94829678447728,2.07450262393356,28.606968774065,135.346572109123,24.0369719519969,128.957204039287,0.154733088208628,0.172943615649342,0.24400506954866,0.255505112653845,0.169168097127546,0.0349423216400428,0.0149823954526021,0.00350974885495896,1.04978944913562
2083,8.15449937257197,2.56463785597967,1.13753703223866,0.956284385474857,1.86356790883727,3.75836108197666,4.66556327306148,3.72623355807325,2.41386124665248,29.2405457148663,125.811463184893,19.5762200078568,114.186435056492,0.255342045304062,0.159491395082954,0.0995350139485418,0.103003777488308,0.111053216483616,0.0357649833868002,0.0189356461702711,0.00408389300101443,0.787209970865568
2084,16.144209891778,5.89733357425312,1.87717466111257,0.881900902573214,0.760190180242064,1.51513754299357,3.06278676050048,3.81396183896108,3.05078200714576,37.0034773595599,121.843896516474,17.5351657484328,98.7237289048933,0.587153938003028,0.263194249532265,0.0917927971764047,0.0420174976200923,0.0447697530637543,0.0234785193545842,0.0193814560370249,0.00516146787802383,1.07694967866518
2085,21.1726130503802,11.6754918572693,4.31652567550813,1.45532143658195,0.701059659935644,0.618057800007101,1.23472521819998,2.50373880745999,3.12260784862329,46.8001413539656,116.971395110228,18.9264772398491,81.1716882482047,1.16244247265361,0.605209924940483,0.151477365614274,0.0387492148129418,0.0182625631668891,0.00946507941949061,0.0127232798003551,0.00528298648300116,2.00361288689105
2086,22.119096944407,15.3120327921854,8.54582155503589,3.3464826034889,1.15689546121368,0.569982883698364,0.503671468971847,1.00935183775302,2.04988795934228,54.6132235060964,112.964697727593,23.1289458545895,67.7392588741977,1.52450598894633,1.19818956509953,0.348319179604107,0.0639443307104582,0.0168420306603482,0.00386101327232948,0.00512923544998797,0.00346810451579653,3.16425944825888
2087,19.6410002966168,15.996529901169,11.2075706519724,6.62533836615753,2.6602580280132,0.940591291732081,0.464493962082294,0.411736729222744,0.826387390244176,58.7739066172102,118.928340813297,28.8931272396144,72.0476470041211,1.59265630943118,1.57138715322176,0.68959940861299,0.147038712503868,0.0277928826062637,0.00356068878822455,0.00209232752009726,0.00139812413982992,4.03552560682421
2088,16.7215374416522,14.2043705185326,11.7085851034252,8.68891859650137,5.26675667116848,2.16287090649015,0.766512448517569,0.379710260503493,0.337101522386402,60.2363634691774,134.745631730178,34.0709237475739,91.4471406589685,1.41422423910738,1.64163321251855,0.904387488530467,0.291106017478364,0.0639091789653803,0.00587588322835401,0.00192957822639369,0.00057032546912724,4.32363592352402
2089,17.7050162051366,12.0930151150018,10.3968224411389,9.07734120114303,6.90718231345278,4.28203379359437,1.76258008014113,0.626601560547757,0.310880467533461,63.1614731776899,156.144873826264,37.3305849268246,115.230417764927,1.20401217901308,1.45771405112295,0.944816517758775,0.381776197536032,0.126526859846073,0.0135114762344199,0.00318420873392789,0.000525963357368893,4.13206745360263
